-- ************************************************************
--
-- close fk
--
-- skip


-- MySQL dump 10.13  Distrib 5.7.35, for Linux (x86_64)
--
-- Host: 30.47.14.10    Database: personalblogdb
-- ------------------------------------------------------
-- Server version	5.7.18-cynos-log

/*!40101 SET @OLD_CHARACTER_SET_CLIENT=@@CHARACTER_SET_CLIENT */;
/*!40101 SET @OLD_CHARACTER_SET_RESULTS=@@CHARACTER_SET_RESULTS */;
/*!40101 SET @OLD_COLLATION_CONNECTION=@@COLLATION_CONNECTION */;
/*!40101 SET NAMES utf8 */;
/*!40103 SET @OLD_TIME_ZONE=@@TIME_ZONE */;
/*!40103 SET TIME_ZONE='+00:00' */;
/*!40014 SET @OLD_UNIQUE_CHECKS=@@UNIQUE_CHECKS, UNIQUE_CHECKS=0 */;
/*!40014 SET @OLD_FOREIGN_KEY_CHECKS=@@FOREIGN_KEY_CHECKS, FOREIGN_KEY_CHECKS=0 */;
/*!40101 SET @OLD_SQL_MODE=@@SQL_MODE, SQL_MODE='NO_AUTO_VALUE_ON_ZERO' */;
/*!40111 SET @OLD_SQL_NOTES=@@SQL_NOTES, SQL_NOTES=0 */;

--
-- Table structure for table `msg21425384506175859750`
--

/*!40101 SET @saved_cs_client     = @@character_set_client */;
/*!40101 SET character_set_client = utf8 */;
CREATE TABLE `msg21425384506175859750` (
  `messageid` varchar(43) NOT NULL,
  `targetQQ` varchar(13) NOT NULL,
  `fromQQ` varchar(13) NOT NULL,
  `content` varchar(200) NOT NULL,
  `lastDate` varchar(13) NOT NULL,
  `isRead` char(1) NOT NULL COMMENT '0未读1已读',
  PRIMARY KEY (`messageid`)
) ENGINE=InnoDB DEFAULT CHARSET=utf8;
/*!40101 SET character_set_client = @saved_cs_client */;

--
-- Dumping data for table `msg21425384506175859750`
--

/*!40000 ALTER TABLE `msg21425384506175859750` DISABLE KEYS */;
INSERT INTO `msg21425384506175859750` VALUES ('245801557512345678901703820947750','1234567890','2458015575','你是','1703820947740','0'),('245801557512345678901703821113503','1234567890','2458015575','哪个？','1703821113482','0'),('245801557512345678901703821273117','1234567890','2458015575','？','1703821273105','0'),('245801557512345678901703821408181','1234567890','2458015575','111','1703821408171','0'),('245801557512345678901703821421074','1234567890','2458015575','阿萨德阿萨德','1703821421064','0'),('245801557512345678901703821493570','1234567890','2458015575','哪个3？','1703821493560','0'),('245801557512345678901703821513777','1234567890','2458015575','222222','1703821513768','0'),('245801557512345678901703821735854','1234567890','2458015575','11','1703821735846','0'),('245801557512345678901703828484808','1234567890','2458015575','阿萨德','1703828484799','0'),('245801557512345678901703843877306','1234567890','2458015575','阿萨德','1703843877294','0');
/*!40000 ALTER TABLE `msg21425384506175859750` ENABLE KEYS */;
/*!40103 SET TIME_ZONE=@OLD_TIME_ZONE */;

/*!40101 SET SQL_MODE=@OLD_SQL_MODE */;
/*!40014 SET FOREIGN_KEY_CHECKS=@OLD_FOREIGN_KEY_CHECKS */;
/*!40014 SET UNIQUE_CHECKS=@OLD_UNIQUE_CHECKS */;
/*!40101 SET CHARACTER_SET_CLIENT=@OLD_CHARACTER_SET_CLIENT */;
/*!40101 SET CHARACTER_SET_RESULTS=@OLD_CHARACTER_SET_RESULTS */;
/*!40101 SET COLLATION_CONNECTION=@OLD_COLLATION_CONNECTION */;
/*!40111 SET SQL_NOTES=@OLD_SQL_NOTES */;

-- Dump completed on 2024-06-20 21:38:23
-- ************************************************************
--
-- close fk
--
-- skip


-- MySQL dump 10.13  Distrib 5.7.35, for Linux (x86_64)
--
-- Host: 30.47.14.10    Database: personalblogdb
-- ------------------------------------------------------
-- Server version	5.7.18-cynos-log

/*!40101 SET @OLD_CHARACTER_SET_CLIENT=@@CHARACTER_SET_CLIENT */;
/*!40101 SET @OLD_CHARACTER_SET_RESULTS=@@CHARACTER_SET_RESULTS */;
/*!40101 SET @OLD_COLLATION_CONNECTION=@@COLLATION_CONNECTION */;
/*!40101 SET NAMES utf8 */;
/*!40103 SET @OLD_TIME_ZONE=@@TIME_ZONE */;
/*!40103 SET TIME_ZONE='+00:00' */;
/*!40014 SET @OLD_UNIQUE_CHECKS=@@UNIQUE_CHECKS, UNIQUE_CHECKS=0 */;
/*!40014 SET @OLD_FOREIGN_KEY_CHECKS=@@FOREIGN_KEY_CHECKS, FOREIGN_KEY_CHECKS=0 */;
/*!40101 SET @OLD_SQL_MODE=@@SQL_MODE, SQL_MODE='NO_AUTO_VALUE_ON_ZERO' */;
/*!40111 SET @OLD_SQL_NOTES=@@SQL_NOTES, SQL_NOTES=0 */;

--
-- Table structure for table `msg32415487205185659750`
--

/*!40101 SET @saved_cs_client     = @@character_set_client */;
/*!40101 SET character_set_client = utf8 */;
CREATE TABLE `msg32415487205185659750` (
  `messageid` varchar(43) NOT NULL,
  `targetQQ` varchar(13) NOT NULL,
  `fromQQ` varchar(13) NOT NULL,
  `content` varchar(200) NOT NULL,
  `lastDate` varchar(13) NOT NULL,
  `isRead` char(1) NOT NULL COMMENT '0未读1已读',
  PRIMARY KEY (`messageid`)
) ENGINE=InnoDB DEFAULT CHARSET=utf8;
/*!40101 SET character_set_client = @saved_cs_client */;

--
-- Dumping data for table `msg32415487205185659750`
--

/*!40000 ALTER TABLE `msg32415487205185659750` DISABLE KEYS */;
INSERT INTO `msg32415487205185659750` VALUES ('245801557531472586901703821733048','3147258690','2458015575','111','1703821733038','0'),('245801557531472586901703827677211','3147258690','2458015575','阿萨德','1703827677200','0'),('245801557531472586901703833963087','3147258690','2458015575','阿萨德','1703833963056','0'),('245801557531472586901703834013780','3147258690','2458015575','阿萨德','1703834013747','0'),('245801557531472586901703835522212','3147258690','2458015575','阿萨德','1703835522199','0'),('245801557531472586901708309989084','3147258690','2458015575','nushuosha','1708309988118','0'),('245801557531472586901708335523033','3147258690','2458015575','1231','1708335522820','0');
/*!40000 ALTER TABLE `msg32415487205185659750` ENABLE KEYS */;
/*!40103 SET TIME_ZONE=@OLD_TIME_ZONE */;

/*!40101 SET SQL_MODE=@OLD_SQL_MODE */;
/*!40014 SET FOREIGN_KEY_CHECKS=@OLD_FOREIGN_KEY_CHECKS */;
/*!40014 SET UNIQUE_CHECKS=@OLD_UNIQUE_CHECKS */;
/*!40101 SET CHARACTER_SET_CLIENT=@OLD_CHARACTER_SET_CLIENT */;
/*!40101 SET CHARACTER_SET_RESULTS=@OLD_CHARACTER_SET_RESULTS */;
/*!40101 SET COLLATION_CONNECTION=@OLD_COLLATION_CONNECTION */;
/*!40111 SET SQL_NOTES=@OLD_SQL_NOTES */;

-- Dump completed on 2024-06-20 21:38:24
-- ************************************************************
--
-- close fk
--
-- skip


-- MySQL dump 10.13  Distrib 5.7.35, for Linux (x86_64)
--
-- Host: 30.47.14.10    Database: personalblogdb
-- ------------------------------------------------------
-- Server version	5.7.18-cynos-log

/*!40101 SET @OLD_CHARACTER_SET_CLIENT=@@CHARACTER_SET_CLIENT */;
/*!40101 SET @OLD_CHARACTER_SET_RESULTS=@@CHARACTER_SET_RESULTS */;
/*!40101 SET @OLD_COLLATION_CONNECTION=@@COLLATION_CONNECTION */;
/*!40101 SET NAMES utf8 */;
/*!40103 SET @OLD_TIME_ZONE=@@TIME_ZONE */;
/*!40103 SET TIME_ZONE='+00:00' */;
/*!40014 SET @OLD_UNIQUE_CHECKS=@@UNIQUE_CHECKS, UNIQUE_CHECKS=0 */;
/*!40014 SET @OLD_FOREIGN_KEY_CHECKS=@@FOREIGN_KEY_CHECKS, FOREIGN_KEY_CHECKS=0 */;
/*!40101 SET @OLD_SQL_MODE=@@SQL_MODE, SQL_MODE='NO_AUTO_VALUE_ON_ZERO' */;
/*!40111 SET @OLD_SQL_NOTES=@@SQL_NOTES, SQL_NOTES=0 */;

--
-- Table structure for table `msg32425285509153557455`
--

/*!40101 SET @saved_cs_client     = @@character_set_client */;
/*!40101 SET character_set_client = utf8 */;
CREATE TABLE `msg32425285509153557455` (
  `messageid` varchar(43) NOT NULL,
  `targetQQ` varchar(13) NOT NULL,
  `fromQQ` varchar(13) NOT NULL,
  `content` varchar(200) NOT NULL,
  `lastDate` varchar(13) NOT NULL,
  `isRead` char(1) NOT NULL COMMENT '0未读1已读',
  PRIMARY KEY (`messageid`)
) ENGINE=InnoDB DEFAULT CHARSET=utf8;
/*!40101 SET character_set_client = @saved_cs_client */;

--
-- Dumping data for table `msg32425285509153557455`
--

/*!40000 ALTER TABLE `msg32425285509153557455` DISABLE KEYS */;
INSERT INTO `msg32425285509153557455` VALUES ('245801557532255935451704533962430','3225593545','2458015575','qqq','1704533962409','1'),('245801557532255935451704533974821','3225593545','2458015575','666的','1704533974801','1'),('245801557532255935451704535169129','3225593545','2458015575','111','1704535169094','1'),('245801557532255935451708309412108','3225593545','2458015575','asd ','1708309411066','1'),('245801557532255935451708309984926','3225593545','2458015575','nishuosha','1708309983931','1'),('245801557532255935451708332668261','3225593545','2458015575','123123','1708332668072','1'),('245801557532255935451708332672860','3225593545','2458015575','123123','1708332672701','1'),('245801557532255935451708333566208','3225593545','2458015575','123123','1708333566012','1'),('245801557532255935451708333579966','3225593545','2458015575','asd ','1708333579765','1'),('245801557532255935451708333599914','3225593545','2458015575','asd ','1708333599721','1'),('245801557532255935451708333767156','3225593545','2458015575','123123','1708333766904','1'),('245801557532255935451708333770229','3225593545','2458015575','123123','1708333769959','1'),('245801557532255935451708333824891','3225593545','2458015575','123123','1708333824666','1'),('245801557532255935451708335417558','3225593545','2458015575','123','1708335417312','1'),('245801557532255935451708335510750','3225593545','2458015575','asd','1708335510481','1'),('245801557532255935451708335600340','3225593545','2458015575','nishi sni','1708335599993','1'),('245801557532255935451708407616700','3225593545','2458015575','阿萨德','1708407615580','1'),('245801557532255935451708407745110','3225593545','2458015575','12313123','1708407743887','1'),('245801557532255935451708411454228','3225593545','2458015575','阿萨德','1708411453009','1'),('245801557532255935451708411586209','3225593545','2458015575','123','1708411585041','1'),('245801557532255935451708411606488','3225593545','2458015575','12312313','1708411605324','1'),('245801557532255935451708411609938','3225593545','2458015575','阿萨德','1708411608814','1'),('245801557532255935451708915367005','3225593545','2458015575','测试论文编写','1708915365778','1'),('245801557532255935451708915536961','3225593545','2458015575','测试接收消息','1708915535682','1'),('245801557532255935451708997663445','3225593545','2458015575','测试私信功能','1708997663313','0'),('245801557532255935451708997709092','3225593545','2458015575','不在对应的MEssage页','1708997708908','0'),('322559354524580155751704528490383','2458015575','3225593545','你是','1704528490340','1'),('322559354524580155751704530644466','2458015575','3225593545','测试','1704530644449','1'),('322559354524580155751704533407281','2458015575','3225593545','你是你是','1704533407246','1'),('322559354524580155751704533412034','2458015575','3225593545','你是哪个？','1704533412017','1'),('322559354524580155751704533414288','2458015575','3225593545','你是谁','1704533414269','1'),('322559354524580155751704533415338','2458015575','3225593545','谁','1704533415320','1'),('322559354524580155751704533416097','2458015575','3225593545','谁','1704533416073','1'),('322559354524580155751704533416968','2458015575','3225593545','谁','1704533416943','1'),('322559354524580155751704533418165','2458015575','3225593545','谁','1704533418151','1'),('322559354524580155751704533419013','2458015575','3225593545','谁','1704533418992','1'),('322559354524580155751704533419766','2458015575','3225593545','谁','1704533419741','1'),('322559354524580155751704533420400','2458015575','3225593545','谁','1704533420377','1'),('322559354524580155751704533421431','2458015575','3225593545','谁\n','1704533421417','1'),('322559354524580155751704533941851','2458015575','3225593545','那个？','1704533941824','1'),('322559354524580155751704533943982','2458015575','3225593545','哪个？','1704533943970','1'),('322559354524580155751704533952509','2458015575','3225593545','你说啥？','1704533952488','1'),('322559354524580155751704533966994','2458015575','3225593545','你说啥','1704533966965','1'),('322559354524580155751704533971699','2458015575','3225593545','我说这是我写的私信程序','1704533971686','1'),('322559354524580155751704533982161','2458015575','3225593545','你是哪个？','1704533982135','1'),('322559354524580155751704534222158','2458015575','3225593545','你是哪个？','1704534222139','1'),('322559354524580155751704534224421','2458015575','3225593545','你是谁','1704534224401','1'),('322559354524580155751704534445832','2458015575','3225593545','12313','1704534445809','1'),('322559354524580155751704534450913','2458015575','3225593545','阿萨德','1704534450891','1'),('322559354524580155751704534452343','2458015575','3225593545','阿萨德','1704534452323','1'),('322559354524580155751704534453479','2458015575','3225593545','阿萨德','1704534453449','1'),('322559354524580155751704534457220','2458015575','3225593545','阿萨德','1704534457183','1'),('322559354524580155751704534459632','2458015575','3225593545','阿萨德','1704534459608','1'),('322559354524580155751704534599672','2458015575','3225593545','123','1704534599641','1'),('322559354524580155751704534605312','2458015575','3225593545','123','1704534605285','1'),('322559354524580155751704534606823','2458015575','3225593545','阿打算','1704534606801','1'),('322559354524580155751704534610158','2458015575','3225593545','阿萨德','1704534610133','1'),('322559354524580155751704534612354','2458015575','3225593545','阿萨德','1704534612332','1'),('322559354524580155751704534715253','2458015575','3225593545','123123','1704534715235','1'),('322559354524580155751704534720216','2458015575','3225593545','123','1704534720203','1'),('322559354524580155751704534721678','2458015575','3225593545','123','1704534721665','1'),('322559354524580155751704534771611','2458015575','3225593545','阿萨德','1704534771588','1'),('322559354524580155751704534810241','2458015575','3225593545','1','1704534810193','1'),('322559354524580155751704534824405','2458015575','3225593545','123','1704534824368','1'),('322559354524580155751704534936678','2458015575','3225593545','阿萨德','1704534936649','1'),('322559354524580155751704534940916','2458015575','3225593545','手动','1704534940892','1'),('322559354524580155751704534944289','2458015575','3225593545','阿萨德','1704534944258','1'),('322559354524580155751704534948077','2458015575','3225593545','阿萨德','1704534948055','1'),('322559354524580155751704534952744','2458015575','3225593545','阿是','1704534952720','1'),('322559354524580155751704534954566','2458015575','3225593545','阿是','1704534954547','1'),('322559354524580155751704534988572','2458015575','3225593545','123','1704534988543','1'),('322559354524580155751704534990218','2458015575','3225593545','是','1704534990197','1'),('322559354524580155751704534995853','2458015575','3225593545','阿是','1704534995825','1'),('322559354524580155751704534996754','2458015575','3225593545','阿萨德','1704534996733','1'),('322559354524580155751704535005903','2458015575','3225593545','阿萨德','1704535005866','1'),('322559354524580155751704535007737','2458015575','3225593545','阿是d','1704535007717','1'),('322559354524580155751704535014779','2458015575','3225593545','阿萨德','1704535014754','1'),('322559354524580155751704535021100','2458015575','3225593545','阿是d','1704535021076','1'),('322559354524580155751704535022411','2458015575','3225593545','阿萨德','1704535022394','1'),('322559354524580155751704535023332','2458015575','3225593545','阿萨德','1704535023309','1'),('322559354524580155751704535047268','2458015575','3225593545','阿萨德','1704535047237','1'),('322559354524580155751704535050487','2458015575','3225593545','阿萨德','1704535050464','1'),('322559354524580155751704535051879','2458015575','3225593545','阿萨德','1704535051850','1'),('322559354524580155751704535166184','2458015575','3225593545','你是谁','1704535166158','1'),('322559354524580155751704535173739','2458015575','3225593545','阿萨德','1704535173712','1'),('322559354524580155751704535187584','2458015575','3225593545','阿萨德','1704535187519','1'),('322559354524580155751704535192961','2458015575','3225593545','123123','1704535192888','1'),('322559354524580155751704535200538','2458015575','3225593545','123123123','1704535200487','1'),('322559354524580155751704535412224','2458015575','3225593545','777777777777','1704535412133','1'),('322559354524580155751704535427199','2458015575','3225593545','777777','1704535427100','1'),('322559354524580155751704535450245','2458015575','3225593545','7','1704535450176','1'),('322559354524580155751704535464537','2458015575','3225593545','7','1704535464464','1'),('322559354524580155751708333552872','2458015575','3225593545','123123','1708333552690','1'),('322559354524580155751708333574373','2458015575','3225593545','1111','1708333574198','1'),('322559354524580155751708333576210','2458015575','3225593545','111','1708333576060','1'),('322559354524580155751708333577621','2458015575','3225593545','1111','1708333577476','1'),('322559354524580155751708333595471','2458015575','3225593545','123123','1708333595267','1'),('322559354524580155751708333596535','2458015575','3225593545','123','1708333596384','1'),('322559354524580155751708333597267','2458015575','3225593545','123','1708333597119','1'),('322559354524580155751708333598074','2458015575','3225593545','123','1708333597928','1'),('322559354524580155751708333758599','2458015575','3225593545','123123','1708333758397','1'),('322559354524580155751708333772642','2458015575','3225593545','asd asd ','1708333772434','1'),('322559354524580155751708333774205','2458015575','3225593545','asd asd ','1708333774037','1'),('322559354524580155751708333775507','2458015575','3225593545','asd asd ','1708333775336','1'),('322559354524580155751708333776876','2458015575','3225593545','asd asd ','1708333776694','1'),('322559354524580155751708333784770','2458015575','3225593545','测试测试测试','1708333784560','1'),('322559354524580155751708333796322','2458015575','3225593545','测试测试','1708333796115','1'),('322559354524580155751708333813061','2458015575','3225593545','1111','1708333812855','1'),('322559354524580155751708333816429','2458015575','3225593545','啊撒大声地','1708333816248','1'),('322559354524580155751708333818251','2458015575','3225593545','asdas d','1708333817977','1'),('322559354524580155751708333819405','2458015575','3225593545','asd ad a','1708333819220','1'),('322559354524580155751708333827306','2458015575','3225593545','123123','1708333827096','1'),('322559354524580155751708333828817','2458015575','3225593545','12312312','1708333828643','1'),('322559354524580155751708333834317','2458015575','3225593545','测试测啊测试测啊测试测啊测试测啊','1708333834116','1'),('322559354524580155751708333842860','2458015575','3225593545','阿萨德','1708333842649','1'),('322559354524580155751708333845087','2458015575','3225593545','阿萨德','1708333844913','1'),('322559354524580155751708333845858','2458015575','3225593545','阿萨德','1708333845675','1'),('322559354524580155751708333846708','2458015575','3225593545','阿萨德','1708333846524','1'),('322559354524580155751708333847453','2458015575','3225593545','阿萨德','1708333847263','1'),('322559354524580155751708333848187','2458015575','3225593545','阿萨德','1708333847968','1'),('322559354524580155751708333848768','2458015575','3225593545','阿萨德','1708333848582','1'),('322559354524580155751708333849352','2458015575','3225593545','阿萨德','1708333849167','1'),('322559354524580155751708333849958','2458015575','3225593545','阿萨德','1708333849772','1'),('322559354524580155751708333850572','2458015575','3225593545','阿萨德','1708333850387','1'),('322559354524580155751708334039912','2458015575','3225593545','123','1708334039696','1'),('322559354524580155751708334040776','2458015575','3225593545','123','1708334040593','1'),('322559354524580155751708334041479','2458015575','3225593545','123','1708334041290','1'),('322559354524580155751708334049255','2458015575','3225593545','123','1708334049043','1'),('322559354524580155751708334050564','2458015575','3225593545','123','1708334050382','1'),('322559354524580155751708334051429','2458015575','3225593545','123','1708334051242','1'),('322559354524580155751708334052235','2458015575','3225593545','123','1708334052053','1'),('322559354524580155751708334053611','2458015575','3225593545','123','1708334053428','1'),('322559354524580155751708334094321','2458015575','3225593545','123','1708334094099','1'),('322559354524580155751708334095697','2458015575','3225593545','123','1708334095512','1'),('322559354524580155751708334096601','2458015575','3225593545','123','1708334096399','1'),('322559354524580155751708334097385','2458015575','3225593545','123','1708334097200','1'),('322559354524580155751708334104333','2458015575','3225593545','123','1708334104107','1'),('322559354524580155751708334107144','2458015575','3225593545','阿萨德','1708334106961','1'),('322559354524580155751708334142709','2458015575','3225593545','123','1708334142471','1'),('322559354524580155751708334143461','2458015575','3225593545','123','1708334143234','1'),('322559354524580155751708334150696','2458015575','3225593545','123','1708334150468','1'),('322559354524580155751708334151761','2458015575','3225593545','123','1708334151574','1'),('322559354524580155751708334152591','2458015575','3225593545','123','1708334152404','1'),('322559354524580155751708334153643','2458015575','3225593545','123','1708334153184','1'),('322559354524580155751708334160282','2458015575','3225593545','asd ','1708334160013','1'),('322559354524580155751708334168354','2458015575','3225593545','asd啊sd','1708334168133','1'),('322559354524580155751708334630067','2458015575','3225593545','123','1708334629762','1'),('322559354524580155751708334631603','2458015575','3225593545','123','1708334631402','1'),('322559354524580155751708334847680','2458015575','3225593545','ceshiceshi','1708334847385','1'),('322559354524580155751708334924710','2458015575','3225593545','123123','1708334924476','1'),('322559354524580155751708334931825','2458015575','3225593545','测试集中在不在','1708334931580','1'),('322559354524580155751708334978940','2458015575','3225593545','123','1708334978699','1'),('322559354524580155751708335130882','2458015575','3225593545','123123123','1708335130622','1'),('322559354524580155751708335214353','2458015575','3225593545','ceshiceshi','1708335214101','1'),('322559354524580155751708335409278','2458015575','3225593545','123','1708335409002','1'),('322559354524580155751708335422708','2458015575','3225593545','123123','1708335422459','1'),('322559354524580155751708335423780','2458015575','3225593545','123123','1708335423562','1'),('322559354524580155751708335424819','2458015575','3225593545','1231231','1708335424592','1'),('322559354524580155751708335449339','2458015575','3225593545','12313','1708335449086','1'),('322559354524580155751708335454494','2458015575','3225593545','123123','1708335454246','1'),('322559354524580155751708335457547','2458015575','3225593545','asd ','1708335457330','1'),('322559354524580155751708335501940','2458015575','3225593545','12312321','1708335501666','1'),('322559354524580155751708335502878','2458015575','3225593545','12312321','1708335502649','1'),('322559354524580155751708335514905','2458015575','3225593545','阿萨德阿萨德','1708335514652','1'),('322559354524580155751708335524567','2458015575','3225593545','阿萨德阿萨德阿萨德a·','1708335524319','1'),('322559354524580155751708335592988','2458015575','3225593545','asd','1708335592727','1'),('322559354524580155751708349080753','2458015575','3225593545','123123','1708349080321','1'),('322559354524580155751708407581555','2458015575','3225593545','1231231232','1708407580423','1'),('322559354524580155751708407750505','2458015575','3225593545','asdasd','1708407749376','1'),('322559354524580155751708523156837','2458015575','3225593545','测试','1708523155991','1'),('322559354524580155751708523173239','2458015575','3225593545','123123','1708523172397','1'),('322559354524580155751708523207718','2458015575','3225593545','123','1708523206910','1'),('322559354524580155751708523209887','2458015575','3225593545','123','1708523209137','1');
/*!40000 ALTER TABLE `msg32425285509153557455` ENABLE KEYS */;
/*!40103 SET TIME_ZONE=@OLD_TIME_ZONE */;

/*!40101 SET SQL_MODE=@OLD_SQL_MODE */;
/*!40014 SET FOREIGN_KEY_CHECKS=@OLD_FOREIGN_KEY_CHECKS */;
/*!40014 SET UNIQUE_CHECKS=@OLD_UNIQUE_CHECKS */;
/*!40101 SET CHARACTER_SET_CLIENT=@OLD_CHARACTER_SET_CLIENT */;
/*!40101 SET CHARACTER_SET_RESULTS=@OLD_CHARACTER_SET_RESULTS */;
/*!40101 SET COLLATION_CONNECTION=@OLD_COLLATION_CONNECTION */;
/*!40111 SET SQL_NOTES=@OLD_SQL_NOTES */;

-- Dump completed on 2024-06-20 21:38:25
-- ************************************************************
--
-- close fk
--
-- skip


-- MySQL dump 10.13  Distrib 5.7.35, for Linux (x86_64)
--
-- Host: 30.47.14.10    Database: personalblogdb
-- ------------------------------------------------------
-- Server version	5.7.18-cynos-log

/*!40101 SET @OLD_CHARACTER_SET_CLIENT=@@CHARACTER_SET_CLIENT */;
/*!40101 SET @OLD_CHARACTER_SET_RESULTS=@@CHARACTER_SET_RESULTS */;
/*!40101 SET @OLD_COLLATION_CONNECTION=@@COLLATION_CONNECTION */;
/*!40101 SET NAMES utf8 */;
/*!40103 SET @OLD_TIME_ZONE=@@TIME_ZONE */;
/*!40103 SET TIME_ZONE='+00:00' */;
/*!40014 SET @OLD_UNIQUE_CHECKS=@@UNIQUE_CHECKS, UNIQUE_CHECKS=0 */;
/*!40014 SET @OLD_FOREIGN_KEY_CHECKS=@@FOREIGN_KEY_CHECKS, FOREIGN_KEY_CHECKS=0 */;
/*!40101 SET @OLD_SQL_MODE=@@SQL_MODE, SQL_MODE='NO_AUTO_VALUE_ON_ZERO' */;
/*!40111 SET @OLD_SQL_NOTES=@@SQL_NOTES, SQL_NOTES=0 */;

--
-- Table structure for table `msg72545380901152857654`
--

/*!40101 SET @saved_cs_client     = @@character_set_client */;
/*!40101 SET character_set_client = utf8 */;
CREATE TABLE `msg72545380901152857654` (
  `messageid` varchar(43) NOT NULL,
  `targetQQ` varchar(13) NOT NULL,
  `fromQQ` varchar(13) NOT NULL,
  `content` varchar(200) NOT NULL,
  `lastDate` varchar(13) NOT NULL,
  `isRead` char(1) NOT NULL COMMENT '0未读1已读',
  PRIMARY KEY (`messageid`)
) ENGINE=InnoDB DEFAULT CHARSET=utf8;
/*!40101 SET character_set_client = @saved_cs_client */;

--
-- Dumping data for table `msg72545380901152857654`
--

/*!40000 ALTER TABLE `msg72545380901152857654` DISABLE KEYS */;
INSERT INTO `msg72545380901152857654` VALUES ('245801557575309128641708997934387','7530912864','2458015575','123','1708997934274','0');
/*!40000 ALTER TABLE `msg72545380901152857654` ENABLE KEYS */;
/*!40103 SET TIME_ZONE=@OLD_TIME_ZONE */;

/*!40101 SET SQL_MODE=@OLD_SQL_MODE */;
/*!40014 SET FOREIGN_KEY_CHECKS=@OLD_FOREIGN_KEY_CHECKS */;
/*!40014 SET UNIQUE_CHECKS=@OLD_UNIQUE_CHECKS */;
/*!40101 SET CHARACTER_SET_CLIENT=@OLD_CHARACTER_SET_CLIENT */;
/*!40101 SET CHARACTER_SET_RESULTS=@OLD_CHARACTER_SET_RESULTS */;
/*!40101 SET COLLATION_CONNECTION=@OLD_COLLATION_CONNECTION */;
/*!40111 SET SQL_NOTES=@OLD_SQL_NOTES */;

-- Dump completed on 2024-06-20 21:38:25
-- ************************************************************
--
-- close fk
--
-- skip


-- MySQL dump 10.13  Distrib 5.7.35, for Linux (x86_64)
--
-- Host: 30.47.14.10    Database: personalblogdb
-- ------------------------------------------------------
-- Server version	5.7.18-cynos-log

/*!40101 SET @OLD_CHARACTER_SET_CLIENT=@@CHARACTER_SET_CLIENT */;
/*!40101 SET @OLD_CHARACTER_SET_RESULTS=@@CHARACTER_SET_RESULTS */;
/*!40101 SET @OLD_COLLATION_CONNECTION=@@COLLATION_CONNECTION */;
/*!40101 SET NAMES utf8 */;
/*!40103 SET @OLD_TIME_ZONE=@@TIME_ZONE */;
/*!40103 SET TIME_ZONE='+00:00' */;
/*!40014 SET @OLD_UNIQUE_CHECKS=@@UNIQUE_CHECKS, UNIQUE_CHECKS=0 */;
/*!40014 SET @OLD_FOREIGN_KEY_CHECKS=@@FOREIGN_KEY_CHECKS, FOREIGN_KEY_CHECKS=0 */;
/*!40101 SET @OLD_SQL_MODE=@@SQL_MODE, SQL_MODE='NO_AUTO_VALUE_ON_ZERO' */;
/*!40111 SET @OLD_SQL_NOTES=@@SQL_NOTES, SQL_NOTES=0 */;

--
-- Table structure for table `msg82645482009175557351`
--

/*!40101 SET @saved_cs_client     = @@character_set_client */;
/*!40101 SET character_set_client = utf8 */;
CREATE TABLE `msg82645482009175557351` (
  `messageid` varchar(43) NOT NULL,
  `targetQQ` varchar(13) NOT NULL,
  `fromQQ` varchar(13) NOT NULL,
  `content` varchar(200) NOT NULL,
  `lastDate` varchar(13) NOT NULL,
  `isRead` char(1) NOT NULL COMMENT '0未读1已读',
  PRIMARY KEY (`messageid`)
) ENGINE=InnoDB DEFAULT CHARSET=utf8;
/*!40101 SET character_set_client = @saved_cs_client */;

--
-- Dumping data for table `msg82645482009175557351`
--

/*!40000 ALTER TABLE `msg82645482009175557351` DISABLE KEYS */;
INSERT INTO `msg82645482009175557351` VALUES ('245801557586420975311703828838697','8642097531','2458015575','阿萨德','1703828838687','0');
/*!40000 ALTER TABLE `msg82645482009175557351` ENABLE KEYS */;
/*!40103 SET TIME_ZONE=@OLD_TIME_ZONE */;

/*!40101 SET SQL_MODE=@OLD_SQL_MODE */;
/*!40014 SET FOREIGN_KEY_CHECKS=@OLD_FOREIGN_KEY_CHECKS */;
/*!40014 SET UNIQUE_CHECKS=@OLD_UNIQUE_CHECKS */;
/*!40101 SET CHARACTER_SET_CLIENT=@OLD_CHARACTER_SET_CLIENT */;
/*!40101 SET CHARACTER_SET_RESULTS=@OLD_CHARACTER_SET_RESULTS */;
/*!40101 SET COLLATION_CONNECTION=@OLD_COLLATION_CONNECTION */;
/*!40111 SET SQL_NOTES=@OLD_SQL_NOTES */;

-- Dump completed on 2024-06-20 21:38:26
-- ************************************************************
--
-- close fk
--
-- skip


-- MySQL dump 10.13  Distrib 5.7.35, for Linux (x86_64)
--
-- Host: 30.47.14.10    Database: personalblogdb
-- ------------------------------------------------------
-- Server version	5.7.18-cynos-log

/*!40101 SET @OLD_CHARACTER_SET_CLIENT=@@CHARACTER_SET_CLIENT */;
/*!40101 SET @OLD_CHARACTER_SET_RESULTS=@@CHARACTER_SET_RESULTS */;
/*!40101 SET @OLD_COLLATION_CONNECTION=@@COLLATION_CONNECTION */;
/*!40101 SET NAMES utf8 */;
/*!40103 SET @OLD_TIME_ZONE=@@TIME_ZONE */;
/*!40103 SET TIME_ZONE='+00:00' */;
/*!40014 SET @OLD_UNIQUE_CHECKS=@@UNIQUE_CHECKS, UNIQUE_CHECKS=0 */;
/*!40014 SET @OLD_FOREIGN_KEY_CHECKS=@@FOREIGN_KEY_CHECKS, FOREIGN_KEY_CHECKS=0 */;
/*!40101 SET @OLD_SQL_MODE=@@SQL_MODE, SQL_MODE='NO_AUTO_VALUE_ON_ZERO' */;
/*!40111 SET @OLD_SQL_NOTES=@@SQL_NOTES, SQL_NOTES=0 */;

--
-- Table structure for table `pages`
--

/*!40101 SET @saved_cs_client     = @@character_set_client */;
/*!40101 SET character_set_client = utf8 */;
CREATE TABLE `pages` (
  `qq` varchar(12) NOT NULL DEFAULT '',
  `pageid` varchar(30) NOT NULL DEFAULT '',
  `title` varchar(100) NOT NULL DEFAULT '',
  `coverUrl` varchar(100) NOT NULL DEFAULT '',
  `createTime` varchar(13) NOT NULL DEFAULT '',
  `likeCount` int(11) NOT NULL DEFAULT '0',
  `unlikeCount` int(11) NOT NULL DEFAULT '0',
  `description` varchar(255) NOT NULL DEFAULT '',
  `viewCount` int(11) NOT NULL,
  `isCheckSuccess` tinyint(1) NOT NULL COMMENT '1-审核通过，0-审核不通过， -1审核中',
  `reason` varchar(100) DEFAULT '' COMMENT '审核不通过原因',
  `position` char(7) DEFAULT '' COMMENT 'home-主体，swipe-轮播图，slide-侧边',
  PRIMARY KEY (`qq`,`pageid`)
) ENGINE=InnoDB DEFAULT CHARSET=utf8;
/*!40101 SET character_set_client = @saved_cs_client */;

--
-- Dumping data for table `pages`
--

/*!40000 ALTER TABLE `pages` DISABLE KEYS */;
INSERT INTO `pages` VALUES ('2458015575','24580155751702456232016','Ajax和Axios','https://blog.end.zhangtc.online/uploads/99bf2ff04201a4d48c868c9e1f7b83a2.png','1702456232017',31,5,'这是一篇学习Ajax和Axios的笔记，包含了大多数常用的知识',746,1,'','slide'),('2458015575','24580155751702456413231','GIt-Webpack-Vite-TS','https://blog.end.zhangtc.online/uploads/1c06cd9060452dd655e573c283acb6bc.jpg','1702456413232',2,1,'前端中的小技术，都很重要，是一定要掌握的',154,1,'','swipe'),('2458015575','24580155751702456677037','Nodejs自己的深入浅出','https://blog.end.zhangtc.online/uploads/e017738f84b45fbb9558afbea8d9f2fa.jpg','1702456677038',6,2,'一篇学习Nodejs的文章，没有太详细，都是自己的笔记，可以看看。还包括了Express，JWT，MySQL等库的使用，看完这个应该可以写出一个带数据库的后端服务了',338,1,'','home'),('2458015575','24580155751702456846767','Typescript','https://blog.end.zhangtc.online/uploads/718b2c47c76b184ae84a9414d127fe4b.png','1702456846768',1,1,'JS的超级TS，前端必学，告别自由的JS，让自己写出更规范的代码',110,1,'','home'),('2458015575','24580155751702456934513','React入门','https://blog.end.zhangtc.online/uploads/e5e7a80e7f40c70797ccaa6ac6ea5f7f.png','1702456934513',2,1,'一些React笔记，包含了一些扩展，Mobx库的使用',95,1,'','home'),('2458015575','24580155751705912013111','Vue学习笔记','https://blog.end.zhangtc.online/uploads/c29c371e65261640ba0408edc3122b5e.png','1705912013112',2,0,'一篇关于Vue的学习笔记，可以看看',45,1,'','slide'),('2458015575','24580155751708349149267','从0到1编写自己的博客','https://blog.end.zhangtc.online/uploads/4fa8cbb27be22dce56993bd6d1f1dcfe.png','1708349149267',0,0,'从前端到后端到服务器再到配置，大概描述如何搭建一个自己的博客系统',39,1,'','home'),('2458015575','24580155751708351673554','解决国内上传Github不稳定','https://blog.end.zhangtc.online/uploads/169a7a37ff69a26c56a71f10af530912.jpg','1708351673555',0,0,'国内上传Github十分不稳定，偶尔成功，偶尔失败，非常多的坑，使用此方法可以解决',15,1,'','swipe'),('2458015575','24580155751708351987799','JavaScript之Promise','https://blog.end.zhangtc.online/uploads/d25fa35c37d9571c9e48e5bd8caac34f.png','1708351987799',0,0,'作为前端开发中与http请求打交道的Promise，来看看它如何使用把',4,1,'','swipe'),('2458015575','24580155751708352184761','基于Nodejs的Midway','https://blog.end.zhangtc.online/uploads/e4e0b1953a07a6b4b0b5a669982eb74c.png','1708352184761',0,0,'基于Nodejs的后端框架Midway，可以让你避免写那些恶心的SQL语句，而使用orm框架，方便的读取数据库',3,1,'','swipe'),('2458015575','24580155751708503637864','首次性能优化之旅','https://blog.end.zhangtc.online/uploads/600063c8548dbfbb8b8a0e0b8bad3cb9.png','1708503637864',0,0,'成功将首屏响应时间从8S缩小至2S，极大优化用户体验',42,1,'',''),('2458015575','24580155751708997345242','测试上传MD','https://blog.end.zhangtc.online/uploads/8f74bf698352d395a358ffa8c3527375.png','1708997345242',0,0,'测试编辑文章测试编辑文章测试编辑文章测试编辑文章测试编辑文章测试编辑文章测试编辑文章测试编辑文章',10,1,'',''),('3225593545','32255935451705633145541','测试审核不通过','https://blog.end.zhangtc.online/uploads/ebb68b92013fc21ec86a318206af66a3.png','1705633145542',0,0,'测试审核不通过测试审核不通过测试审核不通过测试审核不通过',4,-1,'正式环境',''),('3225593545','32255935451705831339603','测试下架','https://blog.end.zhangtc.online/uploads/9549034c33f60c62173bd5f9c7f05ece.png','1705831339605',0,0,'测试下架功能，下架功能',2,-1,'正式环境','');
/*!40000 ALTER TABLE `pages` ENABLE KEYS */;
/*!40103 SET TIME_ZONE=@OLD_TIME_ZONE */;

/*!40101 SET SQL_MODE=@OLD_SQL_MODE */;
/*!40014 SET FOREIGN_KEY_CHECKS=@OLD_FOREIGN_KEY_CHECKS */;
/*!40014 SET UNIQUE_CHECKS=@OLD_UNIQUE_CHECKS */;
/*!40101 SET CHARACTER_SET_CLIENT=@OLD_CHARACTER_SET_CLIENT */;
/*!40101 SET CHARACTER_SET_RESULTS=@OLD_CHARACTER_SET_RESULTS */;
/*!40101 SET COLLATION_CONNECTION=@OLD_COLLATION_CONNECTION */;
/*!40111 SET SQL_NOTES=@OLD_SQL_NOTES */;

-- Dump completed on 2024-06-20 21:38:26
-- ************************************************************
--
-- close fk
--
-- skip


-- MySQL dump 10.13  Distrib 5.7.35, for Linux (x86_64)
--
-- Host: 30.47.14.10    Database: personalblogdb
-- ------------------------------------------------------
-- Server version	5.7.18-cynos-log

/*!40101 SET @OLD_CHARACTER_SET_CLIENT=@@CHARACTER_SET_CLIENT */;
/*!40101 SET @OLD_CHARACTER_SET_RESULTS=@@CHARACTER_SET_RESULTS */;
/*!40101 SET @OLD_COLLATION_CONNECTION=@@COLLATION_CONNECTION */;
/*!40101 SET NAMES utf8 */;
/*!40103 SET @OLD_TIME_ZONE=@@TIME_ZONE */;
/*!40103 SET TIME_ZONE='+00:00' */;
/*!40014 SET @OLD_UNIQUE_CHECKS=@@UNIQUE_CHECKS, UNIQUE_CHECKS=0 */;
/*!40014 SET @OLD_FOREIGN_KEY_CHECKS=@@FOREIGN_KEY_CHECKS, FOREIGN_KEY_CHECKS=0 */;
/*!40101 SET @OLD_SQL_MODE=@@SQL_MODE, SQL_MODE='NO_AUTO_VALUE_ON_ZERO' */;
/*!40111 SET @OLD_SQL_NOTES=@@SQL_NOTES, SQL_NOTES=0 */;

--
-- Table structure for table `systemnotification`
--

/*!40101 SET @saved_cs_client     = @@character_set_client */;
/*!40101 SET character_set_client = utf8 */;
CREATE TABLE `systemnotification` (
  `notificationid` varchar(43) NOT NULL,
  `pageid` varchar(30) NOT NULL DEFAULT '',
  `notificationType` varchar(10) NOT NULL DEFAULT '' COMMENT 'top点赞bottom点踩commnet评论',
  `targetQQ` varchar(13) NOT NULL DEFAULT '',
  `fromQQ` varchar(13) NOT NULL DEFAULT '',
  `isRead` tinyint(1) NOT NULL COMMENT '0未读1已读',
  `operatorDate` char(13) NOT NULL DEFAULT '',
  PRIMARY KEY (`notificationid`)
) ENGINE=InnoDB DEFAULT CHARSET=utf8;
/*!40101 SET character_set_client = @saved_cs_client */;

--
-- Dumping data for table `systemnotification`
--

/*!40000 ALTER TABLE `systemnotification` DISABLE KEYS */;
INSERT INTO `systemnotification` VALUES ('245801557517024562320161703218440199','24580155751702456232016','top','2458015575','2458015575',1,'1703218440199'),('245801557517024562320161707618887174','24580155751702456232016','top','2458015575','unlogin',1,'1707618887174'),('245801557517024566770371706761307807','24580155751702456677037','top','2458015575','unlogin',1,'1706761307807'),('245801557517024566770371707189936731','24580155751702456677037','top','2458015575','unlogin',1,'1707189936731'),('245801557517024566770371708349724184','24580155751702456677037','comment','2458015575','2458015575',1,'1708349724184'),('245801557517024566770371708482197789','24580155751702456677037','top','2458015575','unlogin',1,'1708482197789'),('245801557517024566770371708482756574','24580155751702456677037','bottom','2458015575','unlogin',1,'1708482756574'),('245801557517024566770371708483057595','24580155751702456677037','top','2458015575','unlogin',1,'1708483057595'),('245801557517024566770371708484484151','24580155751702456677037','comment','2458015575','2458015575',1,'1708484484151'),('245801557517024566770371708925665781','24580155751702456677037','comment','2458015575','2458015575',1,'1708925665781'),('245801557517024566770371708998022039','24580155751702456677037','top','2458015575','unlogin',0,'1708998022039'),('245801557517024566770371708998070953','24580155751702456677037','comment','2458015575','2458015575',0,'1708998070953'),('245801557517024566770371714106142360','24580155751702456677037','comment','2458015575','2458015575',0,'1714106142360'),('245801557517024569345131708926716879','24580155751702456934513','top','2458015575','unlogin',1,'1708926716879'),('245801557517025353429821703842021287','24580155751702535342982','top','2458015575','3225593545',1,'1703842021287'),('245801557517025353429821703842114775','24580155751702535342982','top','2458015575','unlogin',1,'1703842114775'),('245801557517025353429821703842134319','24580155751702535342982','bottom','2458015575','unlogin',1,'1703842134319'),('245801557517025353429821703842248009','24580155751702535342982','comment','2458015575','3225593545',1,'1703842248009'),('245801557517025353429821703842274489','24580155751702535342982','comment','2458015575','3225593545',1,'1703842274489'),('245801557517025353429821704528834505','24580155751702535342982','comment','2458015575','3225593545',1,'1704528834505'),('245801557517025353429821704528863353','24580155751702535342982','comment','2458015575','3225593545',1,'1704528863353'),('245801557517025353429821704528975673','24580155751702535342982','comment','2458015575','3225593545',1,'1704528975673'),('245801557517025353429821704529204671','24580155751702535342982','top','2458015575','unlogin',1,'1704529204671'),('245801557517025353429821704529252244','24580155751702535342982','top','2458015575','unlogin',1,'1704529252244'),('245801557517025353429821704529288317','24580155751702535342982','comment','2458015575','3225593545',1,'1704529288317'),('245801557517025353429821704529788644','24580155751702535342982','comment','2458015575','3225593545',1,'1704529788644'),('245801557517025353429821704529981355','24580155751702535342982','comment','2458015575','3225593545',1,'1704529981355'),('245801557517025353429821704530442982','24580155751702535342982','comment','2458015575','3225593545',1,'1704530442982'),('245801557517025353429821704531720193','24580155751702535342982','top','2458015575','3225593545',1,'1704531720193'),('245801557517025353429821704531776315','24580155751702535342982','comment','2458015575','3225593545',1,'1704531776315'),('245801557517025353429821704531996496','24580155751702535342982','top','2458015575','3225593545',1,'1704531996496'),('245801557517025353429821704532051819','24580155751702535342982','bottom','2458015575','unlogin',1,'1704532051819'),('245801557517025353429821704532173679','24580155751702535342982','comment','2458015575','3225593545',1,'1704532173679'),('245801557517025353429821704532413191','24580155751702535342982','top','2458015575','3225593545',1,'1704532413191'),('245801557517025353429821704532544880','24580155751702535342982','top','2458015575','3225593545',1,'1704532544880'),('245801557517025353429821704532577942','24580155751702535342982','top','2458015575','3225593545',1,'1704532577942'),('245801557517025353429821704532733015','24580155751702535342982','comment','2458015575','3225593545',1,'1704532733015'),('245801557517025353429821704532745754','24580155751702535342982','comment','2458015575','3225593545',1,'1704532745754'),('245801557517025353429821704532854347','24580155751702535342982','top','2458015575','3225593545',1,'1704532854347'),('245801557517025353429821704532985491','24580155751702535342982','top','2458015575','3225593545',1,'1704532985491'),('245801557517025353429821704533110381','24580155751702535342982','bottom','2458015575','3225593545',1,'1704533110381'),('245801557517025353429821704533303780','24580155751702535342982','bottom','2458015575','3225593545',1,'1704533303780'),('245801557517025353429821704534297289','24580155751702535342982','top','2458015575','3225593545',1,'1704534297289'),('245801557517025353429821704534310960','24580155751702535342982','comment','2458015575','3225593545',1,'1704534310960'),('245801557517025353429821704534317875','24580155751702535342982','comment','2458015575','3225593545',1,'1704534317875'),('245801557517025353429821704534360944','24580155751702535342982','comment','2458015575','3225593545',1,'1704534360944'),('245801557517025353429821704534376793','24580155751702535342982','comment','2458015575','3225593545',1,'1704534376793'),('245801557517025353429821704534421007','24580155751702535342982','top','2458015575','3225593545',1,'1704534421007'),('245801557517025353429821704534430319','24580155751702535342982','comment','2458015575','3225593545',1,'1704534430319'),('245801557517025353429821704534436720','24580155751702535342982','comment','2458015575','3225593545',1,'1704534436720'),('245801557517059120131111708524964879','24580155751705912013111','top','2458015575','unlogin',1,'1708524964879'),('245801557517059120131111708525050839','24580155751705912013111','top','2458015575','unlogin',1,'1708525050839'),('245801557517085036378641708998106408','24580155751708503637864','comment','2458015575','3225593545',0,'1708998106408'),('322559354517031412499911703141589023','32255935451703141249991','bottom','3225593545','unlogin',1,'1703141249991'),('322559354517031412499911703141602120','32255935451703141249991','bottom','3225593545','unlogin',1,'1703141249991'),('322559354517031412499911703141665631','32255935451703141249991','bottom','3225593545','unlogin',1,'1703141249991'),('322559354517031412499911703141679925','32255935451703141249991','top','3225593545','unlogin',1,'1703141249991'),('322559354517031412499911703146018532','32255935451703141249991','top','3225593545','unlogin',1,'1703146018532'),('322559354517031412499911703164356948','32255935451703141249991','top','3225593545','2458015575',1,'1703164356948'),('322559354517031412499911703317758689','32255935451703141249991','top','3225593545','unlogin',1,'1703317758689'),('322559354517031412499911703410555109','32255935451703141249991','top','3225593545','unlogin',1,'1703410555110'),('322559354517031412499911703411165139','32255935451703141249991','comment','3225593545','2458015575',1,'1703411165139'),('322559354517031412499911703473980525','32255935451703141249991','top','3225593545','unlogin',1,'1703473980525'),('322559354517031412499911703474541197','32255935451703141249991','bottom','3225593545','3225593545',1,'1703474541197'),('322559354517031412499911703474665649','32255935451703141249991','comment','3225593545','3225593545',1,'1703474665649'),('322559354517031412499911703828052843','32255935451703141249991','top','3225593545','2458015575',1,'1703828052843');
/*!40000 ALTER TABLE `systemnotification` ENABLE KEYS */;
/*!40103 SET TIME_ZONE=@OLD_TIME_ZONE */;

/*!40101 SET SQL_MODE=@OLD_SQL_MODE */;
/*!40014 SET FOREIGN_KEY_CHECKS=@OLD_FOREIGN_KEY_CHECKS */;
/*!40014 SET UNIQUE_CHECKS=@OLD_UNIQUE_CHECKS */;
/*!40101 SET CHARACTER_SET_CLIENT=@OLD_CHARACTER_SET_CLIENT */;
/*!40101 SET CHARACTER_SET_RESULTS=@OLD_CHARACTER_SET_RESULTS */;
/*!40101 SET COLLATION_CONNECTION=@OLD_COLLATION_CONNECTION */;
/*!40111 SET SQL_NOTES=@OLD_SQL_NOTES */;

-- Dump completed on 2024-06-20 21:38:27
-- ************************************************************
--
-- close fk
--
-- skip


-- MySQL dump 10.13  Distrib 5.7.35, for Linux (x86_64)
--
-- Host: 30.47.14.10    Database: personalblogdb
-- ------------------------------------------------------
-- Server version	5.7.18-cynos-log

/*!40101 SET @OLD_CHARACTER_SET_CLIENT=@@CHARACTER_SET_CLIENT */;
/*!40101 SET @OLD_CHARACTER_SET_RESULTS=@@CHARACTER_SET_RESULTS */;
/*!40101 SET @OLD_COLLATION_CONNECTION=@@COLLATION_CONNECTION */;
/*!40101 SET NAMES utf8 */;
/*!40103 SET @OLD_TIME_ZONE=@@TIME_ZONE */;
/*!40103 SET TIME_ZONE='+00:00' */;
/*!40014 SET @OLD_UNIQUE_CHECKS=@@UNIQUE_CHECKS, UNIQUE_CHECKS=0 */;
/*!40014 SET @OLD_FOREIGN_KEY_CHECKS=@@FOREIGN_KEY_CHECKS, FOREIGN_KEY_CHECKS=0 */;
/*!40101 SET @OLD_SQL_MODE=@@SQL_MODE, SQL_MODE='NO_AUTO_VALUE_ON_ZERO' */;
/*!40111 SET @OLD_SQL_NOTES=@@SQL_NOTES, SQL_NOTES=0 */;

--
-- Table structure for table `usercode`
--

/*!40101 SET @saved_cs_client     = @@character_set_client */;
/*!40101 SET character_set_client = utf8 */;
CREATE TABLE `usercode` (
  `qq` varchar(12) NOT NULL DEFAULT '' COMMENT 'qq号',
  `code` char(6) NOT NULL DEFAULT '' COMMENT '验证码',
  `sendtime` char(13) NOT NULL DEFAULT '' COMMENT '毫秒数',
  PRIMARY KEY (`qq`)
) ENGINE=InnoDB DEFAULT CHARSET=utf8 COMMENT='对验证码进行验证';
/*!40101 SET character_set_client = @saved_cs_client */;

--
-- Dumping data for table `usercode`
--

/*!40000 ALTER TABLE `usercode` DISABLE KEYS */;
INSERT INTO `usercode` VALUES ('11123111','421733','1708997068418'),('1847705969','498913','1708874420735'),('2458015575','223167','1701397362556'),('3225593545','426755','1702542579391'),('507062768','955039','1708523278904'),('admin','917179','1715576679606');
/*!40000 ALTER TABLE `usercode` ENABLE KEYS */;
/*!40103 SET TIME_ZONE=@OLD_TIME_ZONE */;

/*!40101 SET SQL_MODE=@OLD_SQL_MODE */;
/*!40014 SET FOREIGN_KEY_CHECKS=@OLD_FOREIGN_KEY_CHECKS */;
/*!40014 SET UNIQUE_CHECKS=@OLD_UNIQUE_CHECKS */;
/*!40101 SET CHARACTER_SET_CLIENT=@OLD_CHARACTER_SET_CLIENT */;
/*!40101 SET CHARACTER_SET_RESULTS=@OLD_CHARACTER_SET_RESULTS */;
/*!40101 SET COLLATION_CONNECTION=@OLD_COLLATION_CONNECTION */;
/*!40111 SET SQL_NOTES=@OLD_SQL_NOTES */;

-- Dump completed on 2024-06-20 21:38:28
-- ************************************************************
--
-- close fk
--
-- skip


-- MySQL dump 10.13  Distrib 5.7.35, for Linux (x86_64)
--
-- Host: 30.47.14.10    Database: personalblogdb
-- ------------------------------------------------------
-- Server version	5.7.18-cynos-log

/*!40101 SET @OLD_CHARACTER_SET_CLIENT=@@CHARACTER_SET_CLIENT */;
/*!40101 SET @OLD_CHARACTER_SET_RESULTS=@@CHARACTER_SET_RESULTS */;
/*!40101 SET @OLD_COLLATION_CONNECTION=@@COLLATION_CONNECTION */;
/*!40101 SET NAMES utf8 */;
/*!40103 SET @OLD_TIME_ZONE=@@TIME_ZONE */;
/*!40103 SET TIME_ZONE='+00:00' */;
/*!40014 SET @OLD_UNIQUE_CHECKS=@@UNIQUE_CHECKS, UNIQUE_CHECKS=0 */;
/*!40014 SET @OLD_FOREIGN_KEY_CHECKS=@@FOREIGN_KEY_CHECKS, FOREIGN_KEY_CHECKS=0 */;
/*!40101 SET @OLD_SQL_MODE=@@SQL_MODE, SQL_MODE='NO_AUTO_VALUE_ON_ZERO' */;
/*!40111 SET @OLD_SQL_NOTES=@@SQL_NOTES, SQL_NOTES=0 */;

--
-- Table structure for table `usercomment`
--

/*!40101 SET @saved_cs_client     = @@character_set_client */;
/*!40101 SET character_set_client = utf8 */;
CREATE TABLE `usercomment` (
  `pageid` varchar(30) NOT NULL DEFAULT '',
  `qq` varchar(12) NOT NULL DEFAULT '',
  `createTime` varchar(13) NOT NULL DEFAULT '',
  `content` varchar(200) NOT NULL DEFAULT '',
  PRIMARY KEY (`pageid`,`qq`,`createTime`)
) ENGINE=InnoDB DEFAULT CHARSET=utf8;
/*!40101 SET character_set_client = @saved_cs_client */;

--
-- Dumping data for table `usercomment`
--

/*!40000 ALTER TABLE `usercomment` DISABLE KEYS */;
INSERT INTO `usercomment` VALUES ('24580155751702456232016','2458015575','1702519705253','123'),('24580155751702456232016','2458015575','1702519905902','这是一条评论'),('24580155751702456232016','2458015575','1702520462490','这是一条评论12'),('24580155751702456232016','2458015575','1702520471082','写的不错'),('24580155751702456232016','2458015575','1702521128904','写的不错'),('24580155751702456232016','2458015575','1702521244156','12313'),('24580155751702456232016','2458015575','1702522704748','1231312'),('24580155751702456232016','2458015575','1702522785676','123123'),('24580155751702456232016','2458015575','1702522828742','pingl;uin'),('24580155751702456232016','2458015575','1702522859142','12313'),('24580155751702456232016','2458015575','1702522887044','1231'),('24580155751702456232016','2458015575','1702522930853','asdad阿萨德'),('24580155751702456232016','2458015575','1702522965525','这是一条评论'),('24580155751702456232016','2458015575','1702548484019','啊实打实'),('24580155751702456232016','2458015575','1703139605006','评论'),('24580155751702456232016','2458015575','1703139624472','你是谁'),('24580155751702456232016','2458015575','1703218429895',' 阿萨德'),('24580155751702456232016','2458015575','1703218434492','阿萨德'),('24580155751702456232016','3225593545','1702522992876','我也评论移一下'),('24580155751702456413231','2458015575','1702542314906','这是一条评论'),('24580155751702456677037','2458015575','1708349724875','Nodejs说的不错的'),('24580155751702456677037','2458015575','1708484483953','11231312312111asd '),('24580155751702456677037','2458015575','1708925664424','测试测试'),('24580155751702456677037','2458015575','1708998070856','测试评论'),('24580155751702456677037','2458015575','1714106142353','hello'),('24580155751702535342982','3225593545','1703842247929','阿萨德'),('24580155751702535342982','3225593545','1703842274398','测试ws\n'),('24580155751702535342982','3225593545','1704528834371','测试测试ws\n'),('24580155751702535342982','3225593545','1704528863230','测试'),('24580155751702535342982','3225593545','1704528975557','测试ws'),('24580155751702535342982','3225593545','1704529288201','阿萨德'),('24580155751702535342982','3225593545','1704529788496','测试时间'),('24580155751702535342982','3225593545','1704529981222','测试时间'),('24580155751702535342982','3225593545','1704530442853','测试未读'),('24580155751702535342982','3225593545','1704531776194','测试测试'),('24580155751702535342982','3225593545','1704532173570','评论'),('24580155751702535342982','3225593545','1704532732896','阿萨德'),('24580155751702535342982','3225593545','1704532745641','阿萨德'),('24580155751702535342982','3225593545','1704534310773','阿萨德'),('24580155751702535342982','3225593545','1704534317754','阿萨德'),('24580155751702535342982','3225593545','1704534360804','1'),('24580155751702535342982','3225593545','1704534376673','1'),('24580155751702535342982','3225593545','1704534430213','1'),('24580155751702535342982','3225593545','1704534436607','为3'),('24580155751708503637864','3225593545','1708998106271','测试评论'),('32255935451703141249991','2458015575','1703410596440','测试评论\n'),('32255935451703141249991','2458015575','1703410621031','23'),('32255935451703141249991','2458015575','1703411165037','交换机'),('32255935451703141249991','3225593545','1703474665541','阿萨德');
/*!40000 ALTER TABLE `usercomment` ENABLE KEYS */;
/*!40103 SET TIME_ZONE=@OLD_TIME_ZONE */;

/*!40101 SET SQL_MODE=@OLD_SQL_MODE */;
/*!40014 SET FOREIGN_KEY_CHECKS=@OLD_FOREIGN_KEY_CHECKS */;
/*!40014 SET UNIQUE_CHECKS=@OLD_UNIQUE_CHECKS */;
/*!40101 SET CHARACTER_SET_CLIENT=@OLD_CHARACTER_SET_CLIENT */;
/*!40101 SET CHARACTER_SET_RESULTS=@OLD_CHARACTER_SET_RESULTS */;
/*!40101 SET COLLATION_CONNECTION=@OLD_COLLATION_CONNECTION */;
/*!40111 SET SQL_NOTES=@OLD_SQL_NOTES */;

-- Dump completed on 2024-06-20 21:38:28
-- ************************************************************
--
-- close fk
--
-- skip


-- MySQL dump 10.13  Distrib 5.7.35, for Linux (x86_64)
--
-- Host: 30.47.14.10    Database: personalblogdb
-- ------------------------------------------------------
-- Server version	5.7.18-cynos-log

/*!40101 SET @OLD_CHARACTER_SET_CLIENT=@@CHARACTER_SET_CLIENT */;
/*!40101 SET @OLD_CHARACTER_SET_RESULTS=@@CHARACTER_SET_RESULTS */;
/*!40101 SET @OLD_COLLATION_CONNECTION=@@COLLATION_CONNECTION */;
/*!40101 SET NAMES utf8 */;
/*!40103 SET @OLD_TIME_ZONE=@@TIME_ZONE */;
/*!40103 SET TIME_ZONE='+00:00' */;
/*!40014 SET @OLD_UNIQUE_CHECKS=@@UNIQUE_CHECKS, UNIQUE_CHECKS=0 */;
/*!40014 SET @OLD_FOREIGN_KEY_CHECKS=@@FOREIGN_KEY_CHECKS, FOREIGN_KEY_CHECKS=0 */;
/*!40101 SET @OLD_SQL_MODE=@@SQL_MODE, SQL_MODE='NO_AUTO_VALUE_ON_ZERO' */;
/*!40111 SET @OLD_SQL_NOTES=@@SQL_NOTES, SQL_NOTES=0 */;

--
-- Table structure for table `userinfo`
--

/*!40101 SET @saved_cs_client     = @@character_set_client */;
/*!40101 SET character_set_client = utf8 */;
CREATE TABLE `userinfo` (
  `qq` varchar(12) NOT NULL DEFAULT '',
  `userImg` varchar(100) NOT NULL DEFAULT '',
  `userName` varchar(100) NOT NULL DEFAULT '',
  `registerDate` varchar(15) NOT NULL,
  `vermicelliCount` varchar(5) NOT NULL DEFAULT '',
  `pagesNumber` varchar(5) NOT NULL DEFAULT '',
  `school` varchar(100) NOT NULL DEFAULT '未填',
  `prefession` varchar(100) NOT NULL DEFAULT '未填',
  `sex` varchar(10) NOT NULL DEFAULT '未填',
  `description` varchar(100) NOT NULL DEFAULT '这里介绍不了',
  `messageDataName` varchar(300) DEFAULT '' COMMENT '与该用户关联的数据表，这这些表中的数据都时与当前用户相关的',
  PRIMARY KEY (`qq`)
) ENGINE=InnoDB DEFAULT CHARSET=utf8;
/*!40101 SET character_set_client = @saved_cs_client */;

--
-- Dumping data for table `userinfo`
--

/*!40000 ALTER TABLE `userinfo` DISABLE KEYS */;
INSERT INTO `userinfo` VALUES ('1029384756','https://blog.end.zhangtc.online/uploads/6.jpg','测试6','1702542628735','90','60','MNO School','Engineer','女','This is user 6',''),('1234567890','https://blog.end.zhangtc.online/uploads/1.png','测试2','1702542628735','50','20','ABC University','Engineer','男','This is user 1','msg21425384506175859750-'),('1357924680','https://blog.end.zhangtc.online/uploads/4.png','测试4','1702542628735','60','40','GHI University','Lawyer','女','This is user 4',''),('2458015575','https://blog.end.zhangtc.online/uploads/4fd0f561cffc403ed0e873e6cccf32ca.png','我是zzzz','1009509685000','999','1011','武汉生物工程学院','计算机科学与技术','男','2313213','msg21425384506175859750-msg32415487205185659750-msg82645482009175557351-msg32425285509153557455-msg72545380901152857654-'),('2468135790','https://blog.end.zhangtc.online/uploads/3.png','测试3','1702542628735','30','50','DEF School','Doctor','男','This is user 3',''),('3147258690','https://blog.end.zhangtc.online/uploads/1.png','测试9Daniel Martinez','1702542628735','10','90','VWX School','Lawyer','男','This is user 9','msg32415487205185659750-'),('3225593541','https://blog.end.zhangtc.online/uploads/0f4207f165b37c1b8a3dd41bfaf17f61.png','测试账号1','1702542628735','1','1','未填','未填','男','这里介绍不了',''),('3225593545','https://blog.end.zhangtc.online/uploads/defbb0695afecaaf527fbd98d163d78e.png','3225593545十岁','1702542628735','0','1','清华大学','计算机科学与技术','男','这里介绍不了','msg32425285509153557455-'),('5793081642','https://blog.end.zhangtc.online/uploads/7.png','测试7Matthew Taylor','1702542628735','40','80','PQR University','Doctor','男','This is user 7',''),('7530912864','https://blog.end.zhangtc.online/uploads/8.png','测试8Olivia Anderson','1702542628735','20','70','STU College','Teacher','女','This is user 8','msg72545380901152857654-'),('8642097531','https://blog.end.zhangtc.online/uploads/5.png','测试5','1702542628735','70','30','JKL College','Designer','男','This is user 5','msg82645482009175557351-'),('9081726354','https://blog.end.zhangtc.online/uploads/2.png','测试10Sophia Thompson','1702542628735','100','5','YZA University','Designer','女','This is user 10',''),('9876543210','https://blog.end.zhangtc.online/uploads/2.png','测试3','1702542628735','80','10','XYZ College','Teacher','女','This is user 2','');
/*!40000 ALTER TABLE `userinfo` ENABLE KEYS */;
/*!40103 SET TIME_ZONE=@OLD_TIME_ZONE */;

/*!40101 SET SQL_MODE=@OLD_SQL_MODE */;
/*!40014 SET FOREIGN_KEY_CHECKS=@OLD_FOREIGN_KEY_CHECKS */;
/*!40014 SET UNIQUE_CHECKS=@OLD_UNIQUE_CHECKS */;
/*!40101 SET CHARACTER_SET_CLIENT=@OLD_CHARACTER_SET_CLIENT */;
/*!40101 SET CHARACTER_SET_RESULTS=@OLD_CHARACTER_SET_RESULTS */;
/*!40101 SET COLLATION_CONNECTION=@OLD_COLLATION_CONNECTION */;
/*!40111 SET SQL_NOTES=@OLD_SQL_NOTES */;

-- Dump completed on 2024-06-20 21:38:29
-- ************************************************************
--
-- close fk
--
-- skip


-- MySQL dump 10.13  Distrib 5.7.35, for Linux (x86_64)
--
-- Host: 30.47.14.10    Database: personalblogdb
-- ------------------------------------------------------
-- Server version	5.7.18-cynos-log

/*!40101 SET @OLD_CHARACTER_SET_CLIENT=@@CHARACTER_SET_CLIENT */;
/*!40101 SET @OLD_CHARACTER_SET_RESULTS=@@CHARACTER_SET_RESULTS */;
/*!40101 SET @OLD_COLLATION_CONNECTION=@@COLLATION_CONNECTION */;
/*!40101 SET NAMES utf8 */;
/*!40103 SET @OLD_TIME_ZONE=@@TIME_ZONE */;
/*!40103 SET TIME_ZONE='+00:00' */;
/*!40014 SET @OLD_UNIQUE_CHECKS=@@UNIQUE_CHECKS, UNIQUE_CHECKS=0 */;
/*!40014 SET @OLD_FOREIGN_KEY_CHECKS=@@FOREIGN_KEY_CHECKS, FOREIGN_KEY_CHECKS=0 */;
/*!40101 SET @OLD_SQL_MODE=@@SQL_MODE, SQL_MODE='NO_AUTO_VALUE_ON_ZERO' */;
/*!40111 SET @OLD_SQL_NOTES=@@SQL_NOTES, SQL_NOTES=0 */;

--
-- Table structure for table `userpass`
--

/*!40101 SET @saved_cs_client     = @@character_set_client */;
/*!40101 SET character_set_client = utf8 */;
CREATE TABLE `userpass` (
  `qq` varchar(12) NOT NULL DEFAULT '',
  `pass` varchar(128) DEFAULT '',
  `createtime` char(13) NOT NULL DEFAULT '',
  `salt` char(24) NOT NULL DEFAULT '',
  PRIMARY KEY (`qq`)
) ENGINE=InnoDB DEFAULT CHARSET=utf8 COMMENT='用户密码';
/*!40101 SET character_set_client = @saved_cs_client */;

--
-- Dumping data for table `userpass`
--

/*!40000 ALTER TABLE `userpass` DISABLE KEYS */;
INSERT INTO `userpass` VALUES ('11123111','260253eefe8ca8323c60e7ee76f1c8c359438feb1aaf9960eaef7a75b2140809a355a4b3e5ac343479e96611acc859277705280db7b591f72d955d7c8c9cf0b8','1708997077594','b8edc36408df8f5da80ce45c'),('2458015575','33381d7025939fe302ee35f1d60f908a431eba41616062147ec170c4191cec418c8553acef309712db54b678ca13c1327fbfcae8d9e4dd04fe1afb064077dbd5','1701397385433','56f6575b33a784c3ba827f1d'),('3225593545','863a455464bca54feade88d63a5eb3f86cc2060eeb86f9892c25b39e4d033101b7bca4526b862bd5a2336cb5accd81d0d656fc6cd2997c706e9d3ec7c409c235','1702542628734','569d2f189285f2af10e72e18');
/*!40000 ALTER TABLE `userpass` ENABLE KEYS */;
/*!40103 SET TIME_ZONE=@OLD_TIME_ZONE */;

/*!40101 SET SQL_MODE=@OLD_SQL_MODE */;
/*!40014 SET FOREIGN_KEY_CHECKS=@OLD_FOREIGN_KEY_CHECKS */;
/*!40014 SET UNIQUE_CHECKS=@OLD_UNIQUE_CHECKS */;
/*!40101 SET CHARACTER_SET_CLIENT=@OLD_CHARACTER_SET_CLIENT */;
/*!40101 SET CHARACTER_SET_RESULTS=@OLD_CHARACTER_SET_RESULTS */;
/*!40101 SET COLLATION_CONNECTION=@OLD_COLLATION_CONNECTION */;
/*!40111 SET SQL_NOTES=@OLD_SQL_NOTES */;

-- Dump completed on 2024-06-20 21:38:30
-- ************************************************************
--
-- close fk
--
-- skip


-- MySQL dump 10.13  Distrib 5.7.35, for Linux (x86_64)
--
-- Host: 30.47.14.10    Database: personalblogdb
-- ------------------------------------------------------
-- Server version	5.7.18-cynos-log

/*!40101 SET @OLD_CHARACTER_SET_CLIENT=@@CHARACTER_SET_CLIENT */;
/*!40101 SET @OLD_CHARACTER_SET_RESULTS=@@CHARACTER_SET_RESULTS */;
/*!40101 SET @OLD_COLLATION_CONNECTION=@@COLLATION_CONNECTION */;
/*!40101 SET NAMES utf8 */;
/*!40103 SET @OLD_TIME_ZONE=@@TIME_ZONE */;
/*!40103 SET TIME_ZONE='+00:00' */;
/*!40014 SET @OLD_UNIQUE_CHECKS=@@UNIQUE_CHECKS, UNIQUE_CHECKS=0 */;
/*!40014 SET @OLD_FOREIGN_KEY_CHECKS=@@FOREIGN_KEY_CHECKS, FOREIGN_KEY_CHECKS=0 */;
/*!40101 SET @OLD_SQL_MODE=@@SQL_MODE, SQL_MODE='NO_AUTO_VALUE_ON_ZERO' */;
/*!40111 SET @OLD_SQL_NOTES=@@SQL_NOTES, SQL_NOTES=0 */;

--
-- Table structure for table `visitcount`
--

/*!40101 SET @saved_cs_client     = @@character_set_client */;
/*!40101 SET character_set_client = utf8 */;
CREATE TABLE `visitcount` (
  `date` char(10) NOT NULL DEFAULT '' COMMENT '日期',
  `platform` char(1) NOT NULL DEFAULT '' COMMENT '0-web,1-weapp',
  `count` int(11) NOT NULL,
  PRIMARY KEY (`date`,`platform`)
) ENGINE=InnoDB DEFAULT CHARSET=utf8 COMMENT='网站访问数量表';
/*!40101 SET character_set_client = @saved_cs_client */;

--
-- Dumping data for table `visitcount`
--

/*!40000 ALTER TABLE `visitcount` DISABLE KEYS */;
INSERT INTO `visitcount` VALUES ('2023-12-01','0',14),('2023-12-01','1',10),('2023-12-02','0',14),('2023-12-02','1',13),('2023-12-03','0',8),('2023-12-03','1',13),('2023-12-04','0',18),('2023-12-04','1',7),('2023-12-05','0',8),('2023-12-05','1',18),('2023-12-06','0',7),('2023-12-06','1',8),('2023-12-07','0',10),('2023-12-07','1',9),('2023-12-08','0',12),('2023-12-08','1',1),('2023-12-09','0',7),('2023-12-09','1',18),('2023-12-10','0',1),('2023-12-10','1',6),('2023-12-11','0',6),('2023-12-11','1',19),('2023-12-12','0',7),('2023-12-12','1',15),('2023-12-13','0',19),('2023-12-13','1',1),('2023-12-14','0',12),('2023-12-14','1',19),('2023-12-15','0',6),('2023-12-15','1',11),('2023-12-16','0',15),('2023-12-16','1',2),('2023-12-17','0',15),('2023-12-17','1',16),('2023-12-18','0',12),('2023-12-18','1',12),('2023-12-19','0',15),('2023-12-19','1',16),('2023-12-20','0',19),('2023-12-20','1',4),('2023-12-21','0',12),('2023-12-21','1',11),('2023-12-22','0',4),('2023-12-22','1',5),('2023-12-23','0',5),('2023-12-23','1',12),('2023-12-24','0',13),('2023-12-24','1',5),('2023-12-25','0',10),('2023-12-25','1',9),('2023-12-26','0',13),('2023-12-26','1',11),('2023-12-27','0',13),('2023-12-27','1',10),('2023-12-28','0',8),('2023-12-28','1',16),('2023-12-29','0',0),('2023-12-29','1',9),('2023-12-30','0',18),('2023-12-30','1',18),('2023-12-31','0',11),('2023-12-31','1',3),('2024-01-01','0',1),('2024-01-01','1',3),('2024-01-02','0',14),('2024-01-02','1',6),('2024-01-03','0',8),('2024-01-03','1',0),('2024-01-04','0',17),('2024-01-04','1',2),('2024-01-05','0',4),('2024-01-05','1',13),('2024-01-06','0',7),('2024-01-06','1',17),('2024-01-07','0',4),('2024-01-07','1',9),('2024-01-08','0',0),('2024-01-08','1',14),('2024-01-09','0',9),('2024-01-09','1',5),('2024-01-10','0',6),('2024-01-10','1',0),('2024-01-11','0',3),('2024-01-11','1',8),('2024-01-12','0',17),('2024-01-12','1',18),('2024-01-13','0',16),('2024-01-13','1',8),('2024-01-14','0',11),('2024-01-14','1',7),('2024-01-15','0',5),('2024-01-15','1',13),('2024-01-16','0',13),('2024-01-16','1',2),('2024-01-17','0',0),('2024-01-17','1',0),('2024-01-18','0',0),('2024-01-18','1',1),('2024-01-19','0',0),('2024-01-19','1',10),('2024-01-20','0',0),('2024-01-20','1',0),('2024-01-21','0',0),('2024-01-21','1',30),('2024-01-22','0',19),('2024-01-22','1',62),('2024-01-23','0',0),('2024-01-23','1',0),('2024-01-24','0',0),('2024-01-24','1',0),('2024-01-25','0',0),('2024-01-25','1',0),('2024-01-26','0',0),('2024-01-26','1',0),('2024-01-27','0',0),('2024-01-27','1',0),('2024-01-28','0',0),('2024-01-28','1',0),('2024-01-29','0',0),('2024-01-29','1',46),('2024-01-30','0',0),('2024-01-30','1',86),('2024-01-31','0',0),('2024-01-31','1',3),('2024-02-01','0',0),('2024-02-01','1',114),('2024-02-02','0',0),('2024-02-02','1',17),('2024-02-03','0',0),('2024-02-03','1',46),('2024-02-04','0',0),('2024-02-04','1',15),('2024-02-05','0',0),('2024-02-05','1',61),('2024-02-06','0',0),('2024-02-06','1',61),('2024-02-07','0',0),('2024-02-07','1',40),('2024-02-08','0',0),('2024-02-08','1',19),('2024-02-09','0',0),('2024-02-09','1',43),('2024-02-10','0',0),('2024-02-10','1',20),('2024-02-11','0',0),('2024-02-11','1',27),('2024-02-12','0',0),('2024-02-12','1',21),('2024-02-13','0',0),('2024-02-13','1',20),('2024-02-14','0',0),('2024-02-14','1',21),('2024-02-15','0',0),('2024-02-15','1',22),('2024-02-16','0',0),('2024-02-16','1',33),('2024-02-17','0',0),('2024-02-17','1',15),('2024-02-18','0',0),('2024-02-18','1',77),('2024-02-19','0',130),('2024-02-19','1',409),('2024-02-20','0',0),('2024-02-20','1',356),('2024-02-21','0',14),('2024-02-21','1',516),('2024-02-22','0',0),('2024-02-22','1',140),('2024-02-23','0',2),('2024-02-23','1',71),('2024-02-24','0',0),('2024-02-24','1',75),('2024-02-25','0',1),('2024-02-25','1',48),('2024-02-26','0',0),('2024-02-26','1',65),('2024-02-27','0',0),('2024-02-27','1',68),('2024-02-28','0',0),('2024-02-28','1',44),('2024-02-29','0',0),('2024-02-29','1',68),('2024-03-01','0',0),('2024-03-01','1',41),('2024-03-02','0',0),('2024-03-02','1',16),('2024-03-03','0',0),('2024-03-03','1',18),('2024-03-04','0',0),('2024-03-04','1',18),('2024-03-05','0',0),('2024-03-05','1',23),('2024-03-06','0',0),('2024-03-06','1',17),('2024-03-07','0',0),('2024-03-07','1',71),('2024-03-08','0',0),('2024-03-08','1',27),('2024-03-09','0',0),('2024-03-09','1',10),('2024-03-10','0',0),('2024-03-10','1',21),('2024-03-11','0',0),('2024-03-11','1',40),('2024-03-12','0',0),('2024-03-12','1',4),('2024-03-13','0',0),('2024-03-13','1',21),('2024-03-14','0',0),('2024-03-14','1',34),('2024-03-15','0',0),('2024-03-15','1',18),('2024-03-16','0',0),('2024-03-16','1',32),('2024-03-17','0',0),('2024-03-17','1',15),('2024-03-18','0',0),('2024-03-18','1',16),('2024-03-19','0',0),('2024-03-19','1',17),('2024-03-20','0',0),('2024-03-20','1',24),('2024-03-21','0',0),('2024-03-21','1',86),('2024-03-22','0',0),('2024-03-22','1',50),('2024-03-23','0',2),('2024-03-23','1',16),('2024-03-24','0',0),('2024-03-24','1',11),('2024-03-25','0',0),('2024-03-25','1',45),('2024-03-26','0',0),('2024-03-26','1',18),('2024-03-27','0',0),('2024-03-27','1',23),('2024-03-28','0',0),('2024-03-28','1',11),('2024-03-29','0',0),('2024-03-29','1',22),('2024-03-30','0',0),('2024-03-30','1',28),('2024-03-31','0',0),('2024-03-31','1',17),('2024-04-01','0',0),('2024-04-01','1',20),('2024-04-02','0',0),('2024-04-02','1',42),('2024-04-03','0',0),('2024-04-03','1',12),('2024-04-04','0',0),('2024-04-04','1',20),('2024-04-05','0',0),('2024-04-05','1',20),('2024-04-06','0',0),('2024-04-06','1',30),('2024-04-07','0',0),('2024-04-07','1',18),('2024-04-08','0',0),('2024-04-08','1',18),('2024-04-09','0',0),('2024-04-09','1',11),('2024-04-10','0',0),('2024-04-10','1',53),('2024-04-11','0',0),('2024-04-11','1',15),('2024-04-12','0',0),('2024-04-12','1',16),('2024-04-13','0',0),('2024-04-13','1',41),('2024-04-14','0',0),('2024-04-14','1',10),('2024-04-15','0',0),('2024-04-15','1',10),('2024-04-16','0',0),('2024-04-16','1',46),('2024-04-17','0',0),('2024-04-17','1',22),('2024-04-18','0',0),('2024-04-18','1',32),('2024-04-19','0',0),('2024-04-19','1',15),('2024-04-20','0',0),('2024-04-20','1',43),('2024-04-21','0',0),('2024-04-21','1',19),('2024-04-22','0',0),('2024-04-22','1',15),('2024-04-23','0',0),('2024-04-23','1',55),('2024-04-24','0',0),('2024-04-24','1',19),('2024-04-25','0',0),('2024-04-25','1',52),('2024-04-26','0',0),('2024-04-26','1',23),('2024-04-27','0',0),('2024-04-27','1',22),('2024-04-28','0',0),('2024-04-28','1',36),('2024-04-29','0',0),('2024-04-29','1',31),('2024-04-30','0',0),('2024-04-30','1',25),('2024-05-01','0',0),('2024-05-01','1',33),('2024-05-02','0',0),('2024-05-02','1',35),('2024-05-03','0',0),('2024-05-03','1',23),('2024-05-04','0',0),('2024-05-04','1',35),('2024-05-05','0',0),('2024-05-05','1',28),('2024-05-06','0',0),('2024-05-06','1',31),('2024-05-07','0',0),('2024-05-07','1',45),('2024-05-08','0',0),('2024-05-08','1',30),('2024-05-09','0',0),('2024-05-09','1',71),('2024-05-10','0',0),('2024-05-10','1',59),('2024-05-11','0',0),('2024-05-11','1',22),('2024-05-12','0',0),('2024-05-12','1',43),('2024-05-13','0',0),('2024-05-13','1',18),('2024-05-14','0',0),('2024-05-14','1',23),('2024-05-15','0',0),('2024-05-15','1',23),('2024-05-16','0',0),('2024-05-16','1',19),('2024-05-17','0',0),('2024-05-17','1',21),('2024-05-18','0',0),('2024-05-18','1',18),('2024-05-19','0',0),('2024-05-19','1',18),('2024-05-20','0',0),('2024-05-20','1',26),('2024-05-21','0',0),('2024-05-21','1',31),('2024-05-22','0',0),('2024-05-22','1',51),('2024-05-23','0',0),('2024-05-23','1',32),('2024-05-24','0',0),('2024-05-24','1',7),('2024-05-25','0',0),('2024-05-25','1',46),('2024-05-26','0',0),('2024-05-26','1',38),('2024-05-27','0',0),('2024-05-27','1',18),('2024-05-28','0',0),('2024-05-28','1',33),('2024-05-29','0',0),('2024-05-29','1',16),('2024-05-30','0',0),('2024-05-30','1',27),('2024-05-31','0',0),('2024-05-31','1',14),('2024-06-01','0',0),('2024-06-01','1',14),('2024-06-02','0',0),('2024-06-02','1',59),('2024-06-03','0',0),('2024-06-03','1',47),('2024-06-04','0',0),('2024-06-04','1',10),('2024-06-05','0',0),('2024-06-05','1',32),('2024-06-06','0',0),('2024-06-06','1',26),('2024-06-07','0',0),('2024-06-07','1',30),('2024-06-08','0',0),('2024-06-08','1',25),('2024-06-09','0',0),('2024-06-09','1',12),('2024-06-10','0',0),('2024-06-10','1',39),('2024-06-11','0',0),('2024-06-11','1',12),('2024-06-12','0',0),('2024-06-12','1',16),('2024-06-13','0',0),('2024-06-13','1',40),('2024-06-14','0',0),('2024-06-14','1',13),('2024-06-15','0',0),('2024-06-15','1',35),('2024-06-16','0',0),('2024-06-16','1',8),('2024-06-17','0',0),('2024-06-17','1',33),('2024-06-18','0',0),('2024-06-18','1',21),('2024-06-19','0',0),('2024-06-19','1',20),('2024-06-20','0',0),('2024-06-20','1',49);
/*!40000 ALTER TABLE `visitcount` ENABLE KEYS */;
/*!40103 SET TIME_ZONE=@OLD_TIME_ZONE */;

/*!40101 SET SQL_MODE=@OLD_SQL_MODE */;
/*!40014 SET FOREIGN_KEY_CHECKS=@OLD_FOREIGN_KEY_CHECKS */;
/*!40014 SET UNIQUE_CHECKS=@OLD_UNIQUE_CHECKS */;
/*!40101 SET CHARACTER_SET_CLIENT=@OLD_CHARACTER_SET_CLIENT */;
/*!40101 SET CHARACTER_SET_RESULTS=@OLD_CHARACTER_SET_RESULTS */;
/*!40101 SET COLLATION_CONNECTION=@OLD_COLLATION_CONNECTION */;
/*!40111 SET SQL_NOTES=@OLD_SQL_NOTES */;

-- Dump completed on 2024-06-20 21:38:30
-- MySQL dump 10.13  Distrib 5.7.35, for Linux (x86_64)
--
-- Host: 30.47.14.10    Database: personalblogdb
-- ------------------------------------------------------
-- Server version	5.7.18-cynos-log

/*!40101 SET @OLD_CHARACTER_SET_CLIENT=@@CHARACTER_SET_CLIENT */;
/*!40101 SET @OLD_CHARACTER_SET_RESULTS=@@CHARACTER_SET_RESULTS */;
/*!40101 SET @OLD_COLLATION_CONNECTION=@@COLLATION_CONNECTION */;
/*!40101 SET NAMES utf8 */;
/*!40103 SET @OLD_TIME_ZONE=@@TIME_ZONE */;
/*!40103 SET TIME_ZONE='+00:00' */;
/*!40014 SET @OLD_UNIQUE_CHECKS=@@UNIQUE_CHECKS, UNIQUE_CHECKS=0 */;
/*!40014 SET @OLD_FOREIGN_KEY_CHECKS=@@FOREIGN_KEY_CHECKS, FOREIGN_KEY_CHECKS=0 */;
/*!40101 SET @OLD_SQL_MODE=@@SQL_MODE, SQL_MODE='NO_AUTO_VALUE_ON_ZERO' */;
/*!40111 SET @OLD_SQL_NOTES=@@SQL_NOTES, SQL_NOTES=0 */;

--
-- Dumping events for database 'personalblogdb'
--
/*!50106 SET @save_time_zone= @@TIME_ZONE */ ;
/*!50106 DROP EVENT IF EXISTS `my_visit_count` */;
DELIMITER ;;
/*!50003 SET @saved_cs_client      = @@character_set_client */ ;;
/*!50003 SET @saved_cs_results     = @@character_set_results */ ;;
/*!50003 SET @saved_col_connection = @@collation_connection */ ;;
/*!50003 SET character_set_client  = utf8mb4 */ ;;
/*!50003 SET character_set_results = utf8mb4 */ ;;
/*!50003 SET collation_connection  = utf8mb4_unicode_ci */ ;;
/*!50003 SET @saved_sql_mode       = @@sql_mode */ ;;
/*!50003 SET sql_mode              = 'IGNORE_SPACE,ONLY_FULL_GROUP_BY,STRICT_TRANS_TABLES,NO_ZERO_IN_DATE,NO_ZERO_DATE,ERROR_FOR_DIVISION_BY_ZERO,NO_ENGINE_SUBSTITUTION' */ ;;
/*!50003 SET @saved_time_zone      = @@time_zone */ ;;
/*!50003 SET time_zone             = '+08:00' */ ;;
/*!50106 CREATE*/ /*!50117 DEFINER=`root`@`%`*/ /*!50106 EVENT `my_visit_count` ON SCHEDULE EVERY 1 DAY STARTS '2024-01-15 00:00:00' ON COMPLETION PRESERVE ENABLE DO INSERT INTO visitcount VALUES (DATE_FORMAT(NOW(), '%Y-%m-%d'), 1, 0), (DATE_FORMAT(NOW(), '%Y-%m-%d'), 0, 0) */ ;;
/*!50003 SET time_zone             = @saved_time_zone */ ;;
/*!50003 SET sql_mode              = @saved_sql_mode */ ;;
/*!50003 SET character_set_client  = @saved_cs_client */ ;;
/*!50003 SET character_set_results = @saved_cs_results */ ;;
/*!50003 SET collation_connection  = @saved_col_connection */ ;;
DELIMITER ;
/*!50106 SET TIME_ZONE= @save_time_zone */ ;

--
-- Dumping routines for database 'personalblogdb'
--
/*!50003 DROP FUNCTION IF EXISTS `isIncludeTableId` */;
/*!50003 SET @saved_cs_client      = @@character_set_client */ ;
/*!50003 SET @saved_cs_results     = @@character_set_results */ ;
/*!50003 SET @saved_col_connection = @@collation_connection */ ;
/*!50003 SET character_set_client  = utf8mb4 */ ;
/*!50003 SET character_set_results = utf8mb4 */ ;
/*!50003 SET collation_connection  = utf8mb4_unicode_ci */ ;
/*!50003 SET @saved_sql_mode       = @@sql_mode */ ;
/*!50003 SET sql_mode              = 'IGNORE_SPACE,ONLY_FULL_GROUP_BY,STRICT_TRANS_TABLES,NO_ZERO_IN_DATE,NO_ZERO_DATE,ERROR_FOR_DIVISION_BY_ZERO,NO_ENGINE_SUBSTITUTION' */ ;
DELIMITER ;;
CREATE DEFINER=`root`@`%` FUNCTION `isIncludeTableId`(userId VARCHAR(12), newTableName VARCHAR(30)) RETURNS tinyint(1)
    DETERMINISTIC
    COMMENT '需要两个参数，第一个参数是要判断的用户，第二个参数需要进行判断的数据表名，作用判断当前用户关联的数据表中是否存在当前数据表'
BEGIN
    DECLARE dataName VARCHAR(300);
    SELECT messageDataName INTO dataName FROM userinfo WHERE qq = userId;
    IF LOCATE(newTableName, dataName) = 0 THEN
        UPDATE userinfo SET messageDataName = CONCAT(dataName, newTableName, '-') WHERE qq = userId;
    END IF;
    RETURN TRUE;
END ;;
DELIMITER ;
/*!50003 SET sql_mode              = @saved_sql_mode */ ;
/*!50003 SET character_set_client  = @saved_cs_client */ ;
/*!50003 SET character_set_results = @saved_cs_results */ ;
/*!50003 SET collation_connection  = @saved_col_connection */ ;
/*!40103 SET TIME_ZONE=@OLD_TIME_ZONE */;

/*!40101 SET SQL_MODE=@OLD_SQL_MODE */;
/*!40014 SET FOREIGN_KEY_CHECKS=@OLD_FOREIGN_KEY_CHECKS */;
/*!40014 SET UNIQUE_CHECKS=@OLD_UNIQUE_CHECKS */;
/*!40101 SET CHARACTER_SET_CLIENT=@OLD_CHARACTER_SET_CLIENT */;
/*!40101 SET CHARACTER_SET_RESULTS=@OLD_CHARACTER_SET_RESULTS */;
/*!40101 SET COLLATION_CONNECTION=@OLD_COLLATION_CONNECTION */;
/*!40111 SET SQL_NOTES=@OLD_SQL_NOTES */;

-- Dump completed on 2024-06-20 21:38:32

--
-- Dumping views for database personalblogdb
--
